{
"meta":{"test_sets":[],"test_metrics":[],"learn_metrics":[{"best_value":"Min","name":"MultiClass"}],"launch_mode":"Train","parameters":"","iteration_count":800,"learn_sets":["learn"],"name":"experiment"},
"iterations":[
{"learn":[1.030354655],"iteration":0,"passed_time":0.16995795,"remaining_time":135.796402},
{"learn":[0.9669318283],"iteration":1,"passed_time":0.1727693359,"remaining_time":68.93496503},
{"learn":[0.9097611573],"iteration":2,"passed_time":0.1752703561,"remaining_time":46.56349128},
{"learn":[0.8572974053],"iteration":3,"passed_time":0.1776720846,"remaining_time":35.35674484},
{"learn":[0.8118240971],"iteration":4,"passed_time":0.1795105125,"remaining_time":28.54217148},
{"learn":[0.7701281687],"iteration":5,"passed_time":0.1814277457,"remaining_time":24.00893835},
{"learn":[0.7312758395],"iteration":6,"passed_time":0.1830228727,"remaining_time":20.73387686},
{"learn":[0.6971272272],"iteration":7,"passed_time":0.1845721395,"remaining_time":18.27264181},
{"learn":[0.666094653],"iteration":8,"passed_time":0.186108249,"remaining_time":16.35684722},
{"learn":[0.6358343709],"iteration":9,"passed_time":0.187491089,"remaining_time":14.81179603},
{"learn":[0.6093062998],"iteration":10,"passed_time":0.1888879896,"remaining_time":13.54842034},
{"learn":[0.5842909115],"iteration":11,"passed_time":0.1903694793,"remaining_time":12.50092914},
{"learn":[0.562113483],"iteration":12,"passed_time":0.1917162682,"remaining_time":11.60620793},
{"learn":[0.5408968541],"iteration":13,"passed_time":0.1930550069,"remaining_time":10.83865968},
{"learn":[0.5201134941],"iteration":14,"passed_time":0.1942610642,"remaining_time":10.16632903},
{"learn":[0.5008271142],"iteration":15,"passed_time":0.1954458744,"remaining_time":9.576847846},
{"learn":[0.4843283219],"iteration":16,"passed_time":0.1966383515,"remaining_time":9.05693113},
{"learn":[0.4683468623],"iteration":17,"passed_time":0.1977286951,"remaining_time":8.59021331},
{"learn":[0.45340519],"iteration":18,"passed_time":0.1988430573,"remaining_time":8.173496199},
{"learn":[0.4393781671],"iteration":19,"passed_time":0.199932299,"remaining_time":7.79735966},
{"learn":[0.4253021491],"iteration":20,"passed_time":0.2010510915,"remaining_time":7.45803811},
{"learn":[0.412649714],"iteration":21,"passed_time":0.2021989986,"remaining_time":7.150491858},
{"learn":[0.4003942367],"iteration":22,"passed_time":0.203449693,"remaining_time":6.873061367},
{"learn":[0.3880309297],"iteration":23,"passed_time":0.2045544967,"remaining_time":6.613928725},
{"learn":[0.376738574],"iteration":24,"passed_time":0.2056984777,"remaining_time":6.376652808},
{"learn":[0.3657914305],"iteration":25,"passed_time":0.2070261557,"remaining_time":6.163009403},
{"learn":[0.3553633267],"iteration":26,"passed_time":0.2082588257,"remaining_time":5.962373048},
{"learn":[0.3463820827],"iteration":27,"passed_time":0.2096148285,"remaining_time":5.779380271},
{"learn":[0.3367235043],"iteration":28,"passed_time":0.2108286521,"remaining_time":5.605134165},
{"learn":[0.3280492669],"iteration":29,"passed_time":0.2119894013,"remaining_time":5.4410613},
{"learn":[0.3198072782],"iteration":30,"passed_time":0.213117275,"remaining_time":5.286683371},
{"learn":[0.3117762998],"iteration":31,"passed_time":0.214182734,"remaining_time":5.140385617},
{"learn":[0.305054522],"iteration":32,"passed_time":0.2153170246,"remaining_time":5.004489634},
{"learn":[0.2985401145],"iteration":33,"passed_time":0.21645721,"remaining_time":4.876653614},
{"learn":[0.2922024425],"iteration":34,"passed_time":0.2177222843,"remaining_time":4.758787071},
{"learn":[0.2864232604],"iteration":35,"passed_time":0.2188568278,"remaining_time":4.644628235},
{"learn":[0.2801287855],"iteration":36,"passed_time":0.219998264,"remaining_time":4.536720958},
{"learn":[0.2741700069],"iteration":37,"passed_time":0.2212939912,"remaining_time":4.437526877},
{"learn":[0.2683441887],"iteration":38,"passed_time":0.2225908536,"remaining_time":4.343375374},
{"learn":[0.2629371796],"iteration":39,"passed_time":0.2239681782,"remaining_time":4.255395386},
{"learn":[0.2583409337],"iteration":40,"passed_time":0.2252188063,"remaining_time":4.169294487},
{"learn":[0.2531793481],"iteration":41,"passed_time":0.2263460739,"remaining_time":4.085007715},
{"learn":[0.2485271916],"iteration":42,"passed_time":0.2274617926,"remaining_time":4.004385512},
{"learn":[0.2446451641],"iteration":43,"passed_time":0.2285687155,"remaining_time":3.927226111},
{"learn":[0.2413318465],"iteration":44,"passed_time":0.2297053543,"remaining_time":3.853945388},
{"learn":[0.2371949636],"iteration":45,"passed_time":0.2308200011,"remaining_time":3.783440887},
{"learn":[0.2335670259],"iteration":46,"passed_time":0.2319651172,"remaining_time":3.716377304},
{"learn":[0.229956621],"iteration":47,"passed_time":0.2330705255,"remaining_time":3.651438233},
{"learn":[0.2257510858],"iteration":48,"passed_time":0.2341764736,"remaining_time":3.589112891},
{"learn":[0.2220801533],"iteration":49,"passed_time":0.2353457966,"remaining_time":3.530186948},
{"learn":[0.2190701979],"iteration":50,"passed_time":0.2366662171,"remaining_time":3.475745032},
{"learn":[0.2160310458],"iteration":51,"passed_time":0.2379139919,"remaining_time":3.422301269},
{"learn":[0.2130509946],"iteration":52,"passed_time":0.239231988,"remaining_time":3.371816887},
{"learn":[0.2102472683],"iteration":53,"passed_time":0.2403863573,"remaining_time":3.32089301},
{"learn":[0.2069306924],"iteration":54,"passed_time":0.241471683,"remaining_time":3.270843706},
{"learn":[0.204343293],"iteration":55,"passed_time":0.2425864971,"remaining_time":3.222934891},
{"learn":[0.2011918538],"iteration":56,"passed_time":0.2436907325,"remaining_time":3.176530074},
{"learn":[0.1988596865],"iteration":57,"passed_time":0.2448142553,"remaining_time":3.131934094},
{"learn":[0.1965317494],"iteration":58,"passed_time":0.2459995012,"remaining_time":3.089586956},
{"learn":[0.1943792964],"iteration":59,"passed_time":0.2471230943,"remaining_time":3.047851496},
{"learn":[0.1924582419],"iteration":60,"passed_time":0.2482219199,"remaining_time":3.007147522},
{"learn":[0.1905272871],"iteration":61,"passed_time":0.2493202536,"remaining_time":2.967715276},
{"learn":[0.1887579196],"iteration":62,"passed_time":0.2504582496,"remaining_time":2.929963968},
{"learn":[0.1867950574],"iteration":63,"passed_time":0.2516528859,"remaining_time":2.894008188},
{"learn":[0.1842108555],"iteration":64,"passed_time":0.2528213467,"remaining_time":2.858825998},
{"learn":[0.1830875666],"iteration":65,"passed_time":0.2540671049,"remaining_time":2.825534167},
{"learn":[0.1811336085],"iteration":66,"passed_time":0.2552430344,"remaining_time":2.792434989},
{"learn":[0.1794514374],"iteration":67,"passed_time":0.2563893567,"remaining_time":2.759956016},
{"learn":[0.1773609188],"iteration":68,"passed_time":0.2575017317,"remaining_time":2.728025592},
{"learn":[0.1759508594],"iteration":69,"passed_time":0.2586349781,"remaining_time":2.697193343},
{"learn":[0.1744746011],"iteration":70,"passed_time":0.2597454059,"remaining_time":2.666963393},
{"learn":[0.1727043575],"iteration":71,"passed_time":0.2608828405,"remaining_time":2.637815387},
{"learn":[0.1706316385],"iteration":72,"passed_time":0.2620213085,"remaining_time":2.609445086},
{"learn":[0.1696840772],"iteration":73,"passed_time":0.2631543467,"remaining_time":2.58175751},
{"learn":[0.1684623784],"iteration":74,"passed_time":0.2642471913,"remaining_time":2.554389515},
{"learn":[0.1672930348],"iteration":75,"passed_time":0.2653656291,"remaining_time":2.527956782},
{"learn":[0.1659081161],"iteration":76,"passed_time":0.2664813547,"remaining_time":2.502156097},
{"learn":[0.1649189104],"iteration":77,"passed_time":0.2677903104,"remaining_time":2.478776976},
{"learn":[0.1634813139],"iteration":78,"passed_time":0.2692819965,"remaining_time":2.457624297},
{"learn":[0.1620441895],"iteration":79,"passed_time":0.2707041017,"remaining_time":2.436336915},
{"learn":[0.1604923814],"iteration":80,"passed_time":0.271890738,"remaining_time":2.413449884},
{"learn":[0.1589625309],"iteration":81,"passed_time":0.273027666,"remaining_time":2.39065688},
{"learn":[0.1578891804],"iteration":82,"passed_time":0.2741370018,"remaining_time":2.368147353},
{"learn":[0.1567297207],"iteration":83,"passed_time":0.2752689631,"remaining_time":2.346340209},
{"learn":[0.1554665456],"iteration":84,"passed_time":0.2763991434,"remaining_time":2.325004559},
{"learn":[0.1542307074],"iteration":85,"passed_time":0.2775774816,"remaining_time":2.304538626},
{"learn":[0.1532093515],"iteration":86,"passed_time":0.2787422701,"remaining_time":2.284405041},
{"learn":[0.1520722661],"iteration":87,"passed_time":0.2798865619,"remaining_time":2.264536728},
{"learn":[0.1507659489],"iteration":88,"passed_time":0.2809923882,"remaining_time":2.244781888},
{"learn":[0.1500652226],"iteration":89,"passed_time":0.2821167447,"remaining_time":2.225587652},
{"learn":[0.1491556579],"iteration":90,"passed_time":0.2833773855,"remaining_time":2.207852377},
{"learn":[0.1480990651],"iteration":91,"passed_time":0.284598071,"remaining_time":2.190167764},
{"learn":[0.1472599089],"iteration":92,"passed_time":0.2859172291,"remaining_time":2.173585817},
{"learn":[0.1460876346],"iteration":93,"passed_time":0.28706085,"remaining_time":2.156010214},
{"learn":[0.1451225013],"iteration":94,"passed_time":0.2881596757,"remaining_time":2.13844812},
{"learn":[0.1440948071],"iteration":95,"passed_time":0.2892836558,"remaining_time":2.121413476},
{"learn":[0.1431990196],"iteration":96,"passed_time":0.2903931359,"remaining_time":2.104601799},
{"learn":[0.1421325769],"iteration":97,"passed_time":0.2914837741,"remaining_time":2.087975606},
{"learn":[0.1411770813],"iteration":98,"passed_time":0.2926325024,"remaining_time":2.072074587},
{"learn":[0.1403881568],"iteration":99,"passed_time":0.2938445469,"remaining_time":2.056911828},
{"learn":[0.1393382288],"iteration":100,"passed_time":0.294976467,"remaining_time":2.041470796},
{"learn":[0.1386555632],"iteration":101,"passed_time":0.2960547859,"remaining_time":2.025943535},
{"learn":[0.1378623338],"iteration":102,"passed_time":0.2971665285,"remaining_time":2.010923013},
{"learn":[0.1370234207],"iteration":103,"passed_time":0.298435132,"remaining_time":1.997219729},
{"learn":[0.1362211215],"iteration":104,"passed_time":0.2996225452,"remaining_time":1.983215895},
{"learn":[0.1355483872],"iteration":105,"passed_time":0.3009524642,"remaining_time":1.970386888},
{"learn":[0.1347077011],"iteration":106,"passed_time":0.3020489887,"remaining_time":1.956261207},
{"learn":[0.1340270193],"iteration":107,"passed_time":0.3031526726,"remaining_time":1.94242268},
{"learn":[0.1333417314],"iteration":108,"passed_time":0.304246121,"remaining_time":1.928752932},
{"learn":[0.1326473221],"iteration":109,"passed_time":0.3053484716,"remaining_time":1.915367685},
{"learn":[0.1318228666],"iteration":110,"passed_time":0.3064631006,"remaining_time":1.902279967},
{"learn":[0.1306040161],"iteration":111,"passed_time":0.3076090042,"remaining_time":1.889598169},
{"learn":[0.1298196702],"iteration":112,"passed_time":0.3087160651,"remaining_time":1.876884395},
{"learn":[0.1291572492],"iteration":113,"passed_time":0.3098784275,"remaining_time":1.864707029},
{"learn":[0.1283152163],"iteration":114,"passed_time":0.3110226915,"remaining_time":1.852613423},
{"learn":[0.1275885683],"iteration":115,"passed_time":0.3121481693,"remaining_time":1.840597826},
{"learn":[0.1270373207],"iteration":116,"passed_time":0.3133757605,"remaining_time":1.829364482},
{"learn":[0.1264049731],"iteration":117,"passed_time":0.3145111438,"remaining_time":1.817767797},
{"learn":[0.1255948944],"iteration":118,"passed_time":0.31569988,"remaining_time":1.806652254},
{"learn":[0.1249484899],"iteration":119,"passed_time":0.3167980594,"remaining_time":1.795189003},
{"learn":[0.1243284709],"iteration":120,"passed_time":0.3180508263,"remaining_time":1.784764554},
{"learn":[0.1236052864],"iteration":121,"passed_time":0.3192582219,"remaining_time":1.774238315},
{"learn":[0.1228765608],"iteration":122,"passed_time":0.3205129997,"remaining_time":1.764124396},
{"learn":[0.1222158024],"iteration":123,"passed_time":0.3217041781,"remaining_time":1.753806648},
{"learn":[0.1211966529],"iteration":124,"passed_time":0.3228220576,"remaining_time":1.743239111},
{"learn":[0.1208084369],"iteration":125,"passed_time":0.3239969445,"remaining_time":1.733126513},
{"learn":[0.12034492],"iteration":126,"passed_time":0.3251547004,"remaining_time":1.723063885},
{"learn":[0.1196531439],"iteration":127,"passed_time":0.3263530661,"remaining_time":1.713353597},
{"learn":[0.1189804486],"iteration":128,"passed_time":0.3276314379,"remaining_time":1.704191433},
{"learn":[0.1183148043],"iteration":129,"passed_time":0.3290523054,"remaining_time":1.695884959},
{"learn":[0.1175632563],"iteration":130,"passed_time":0.330290908,"remaining_time":1.686752805},
{"learn":[0.1167597894],"iteration":131,"passed_time":0.3315609933,"remaining_time":1.677899572},
{"learn":[0.1160262753],"iteration":132,"passed_time":0.3327598857,"remaining_time":1.668803337},
{"learn":[0.115178722],"iteration":133,"passed_time":0.3339837367,"remaining_time":1.65994902},
{"learn":[0.1144124644],"iteration":134,"passed_time":0.3351875067,"remaining_time":1.651108829},
{"learn":[0.1136833453],"iteration":135,"passed_time":0.3364248793,"remaining_time":1.642544999},
{"learn":[0.112972251],"iteration":136,"passed_time":0.3376202945,"remaining_time":1.633885075},
{"learn":[0.1121611822],"iteration":137,"passed_time":0.3388736653,"remaining_time":1.625611351},
{"learn":[0.1113383361],"iteration":138,"passed_time":0.3400583644,"remaining_time":1.617112078},
{"learn":[0.1108572564],"iteration":139,"passed_time":0.3413102341,"remaining_time":1.609033961},
{"learn":[0.110139731],"iteration":140,"passed_time":0.3425666995,"remaining_time":1.601074149},
{"learn":[0.1094588916],"iteration":141,"passed_time":0.343810563,"remaining_time":1.593150355},
{"learn":[0.1089936175],"iteration":142,"passed_time":0.3450704975,"remaining_time":1.585393824},
{"learn":[0.1084575748],"iteration":143,"passed_time":0.3464354018,"remaining_time":1.578205719},
{"learn":[0.1076245401],"iteration":144,"passed_time":0.3476629644,"remaining_time":1.570477529},
{"learn":[0.1069266201],"iteration":145,"passed_time":0.3488314745,"remaining_time":1.562573865},
{"learn":[0.106240831],"iteration":146,"passed_time":0.3500269337,"remaining_time":1.554881549},
{"learn":[0.105640406],"iteration":147,"passed_time":0.3512511734,"remaining_time":1.547403818},
{"learn":[0.1049974974],"iteration":148,"passed_time":0.3524506041,"remaining_time":1.539901633},
{"learn":[0.1043964605],"iteration":149,"passed_time":0.3536545854,"remaining_time":1.532503203},
{"learn":[0.1035975205],"iteration":150,"passed_time":0.354821601,"remaining_time":1.525027941},
{"learn":[0.1031094479],"iteration":151,"passed_time":0.355991099,"remaining_time":1.517646264},
{"learn":[0.1027455486],"iteration":152,"passed_time":0.3571578247,"remaining_time":1.510334069},
{"learn":[0.1022086168],"iteration":153,"passed_time":0.3583938693,"remaining_time":1.503392465},
{"learn":[0.1016147341],"iteration":154,"passed_time":0.3597291498,"remaining_time":1.49693743},
{"learn":[0.1010378835],"iteration":155,"passed_time":0.3609903467,"remaining_time":1.490242201},
{"learn":[0.1005118819],"iteration":156,"passed_time":0.3623483464,"remaining_time":1.484012654},
{"learn":[0.09979622442],"iteration":157,"passed_time":0.3635650858,"remaining_time":1.477270792},
{"learn":[0.09920323735],"iteration":158,"passed_time":0.3647351005,"remaining_time":1.470410059},
{"learn":[0.09863997266],"iteration":159,"passed_time":0.3659333929,"remaining_time":1.463733572},
{"learn":[0.09810803942],"iteration":160,"passed_time":0.367108478,"remaining_time":1.457033027},
{"learn":[0.09753889912],"iteration":161,"passed_time":0.368335581,"remaining_time":1.45060556},
{"learn":[0.09702924868],"iteration":162,"passed_time":0.3695897133,"remaining_time":1.44434753},
{"learn":[0.09648748986],"iteration":163,"passed_time":0.3708136969,"remaining_time":1.438033605},
{"learn":[0.09602249884],"iteration":164,"passed_time":0.3719968946,"remaining_time":1.431624413},
{"learn":[0.09551202044],"iteration":165,"passed_time":0.3732082621,"remaining_time":1.425385772},
{"learn":[0.09485546376],"iteration":166,"passed_time":0.3744132197,"remaining_time":1.419183042},
{"learn":[0.09437211119],"iteration":167,"passed_time":0.3757140801,"remaining_time":1.413400587},
{"learn":[0.09372027504],"iteration":168,"passed_time":0.3771808125,"remaining_time":1.408290489},
{"learn":[0.09317637516],"iteration":169,"passed_time":0.3784134918,"remaining_time":1.402355881},
{"learn":[0.09262125344],"iteration":170,"passed_time":0.3797341322,"remaining_time":1.396799819},
{"learn":[0.09225829094],"iteration":171,"passed_time":0.3809773116,"remaining_time":1.391010184},
{"learn":[0.09177123314],"iteration":172,"passed_time":0.3822373672,"remaining_time":1.385334273},
{"learn":[0.09147547126],"iteration":173,"passed_time":0.3835001426,"remaining_time":1.379718904},
{"learn":[0.09100965457],"iteration":174,"passed_time":0.3847660914,"remaining_time":1.374164612},
{"learn":[0.0905940543],"iteration":175,"passed_time":0.3859848767,"remaining_time":1.368491835},
{"learn":[0.09026574801],"iteration":176,"passed_time":0.3871843621,"remaining_time":1.362801455},
{"learn":[0.08972895696],"iteration":177,"passed_time":0.388381982,"remaining_time":1.357155016},
{"learn":[0.08935623684],"iteration":178,"passed_time":0.3895705193,"remaining_time":1.351526774},
{"learn":[0.08892223501],"iteration":179,"passed_time":0.3909062316,"remaining_time":1.346454798},
{"learn":[0.08832507326],"iteration":180,"passed_time":0.3921722637,"remaining_time":1.341185808},
{"learn":[0.08776054409],"iteration":181,"passed_time":0.3934718494,"remaining_time":1.336074741},
{"learn":[0.08733474238],"iteration":182,"passed_time":0.394658862,"remaining_time":1.330625781},
{"learn":[0.08678430219],"iteration":183,"passed_time":0.3958980592,"remaining_time":1.32539785},
{"learn":[0.08637234349],"iteration":184,"passed_time":0.397154707,"remaining_time":1.320271053},
{"learn":[0.08590337739],"iteration":185,"passed_time":0.3983390653,"remaining_time":1.314947237},
{"learn":[0.08548712444],"iteration":186,"passed_time":0.3995580225,"remaining_time":1.309781111},
{"learn":[0.08495078657],"iteration":187,"passed_time":0.4007822692,"remaining_time":1.304674195},
{"learn":[0.08465324077],"iteration":188,"passed_time":0.4020097077,"remaining_time":1.299618685},
{"learn":[0.08408578574],"iteration":189,"passed_time":0.4032281135,"remaining_time":1.29457447},
{"learn":[0.08372168726],"iteration":190,"passed_time":0.4044353298,"remaining_time":1.289534638},
{"learn":[0.08342626615],"iteration":191,"passed_time":0.4056569067,"remaining_time":1.284580205},
{"learn":[0.08305946215],"iteration":192,"passed_time":0.4068744435,"remaining_time":1.279651747},
{"learn":[0.08272293346],"iteration":193,"passed_time":0.4082123027,"remaining_time":1.275137399},
{"learn":[0.08231888925],"iteration":194,"passed_time":0.4094977434,"remaining_time":1.270492999},
{"learn":[0.08201702546],"iteration":195,"passed_time":0.4107254665,"remaining_time":1.265705009},
{"learn":[0.08157449623],"iteration":196,"passed_time":0.4119617463,"remaining_time":1.260979355},
{"learn":[0.0812562892],"iteration":197,"passed_time":0.4131697562,"remaining_time":1.256202996},
{"learn":[0.08092496602],"iteration":198,"passed_time":0.4143741153,"remaining_time":1.251451474},
{"learn":[0.08033752123],"iteration":199,"passed_time":0.4155678756,"remaining_time":1.246703627},
{"learn":[0.07990423383],"iteration":200,"passed_time":0.4167621973,"remaining_time":1.241992817},
{"learn":[0.07957597951],"iteration":201,"passed_time":0.4180226624,"remaining_time":1.237512634},
{"learn":[0.07919220931],"iteration":202,"passed_time":0.4191877987,"remaining_time":1.232783822},
{"learn":[0.07878615527],"iteration":203,"passed_time":0.4204486971,"remaining_time":1.228369723},
{"learn":[0.07844879826],"iteration":204,"passed_time":0.4217830241,"remaining_time":1.224199509},
{"learn":[0.07818852527],"iteration":205,"passed_time":0.4231307029,"remaining_time":1.220095328},
{"learn":[0.07770401793],"iteration":206,"passed_time":0.4244216327,"remaining_time":1.215855209},
{"learn":[0.07735766652],"iteration":207,"passed_time":0.4256558111,"remaining_time":1.211481924},
{"learn":[0.07701835582],"iteration":208,"passed_time":0.426830031,"remaining_time":1.206969131},
{"learn":[0.07654950573],"iteration":209,"passed_time":0.4280653901,"remaining_time":1.202659905},
{"learn":[0.0762001692],"iteration":210,"passed_time":0.4292443202,"remaining_time":1.198222297},
{"learn":[0.07591605842],"iteration":211,"passed_time":0.4304642992,"remaining_time":1.193929283},
{"learn":[0.07554020056],"iteration":212,"passed_time":0.4316633157,"remaining_time":1.189607354},
{"learn":[0.07521983387],"iteration":213,"passed_time":0.4328829346,"remaining_time":1.185371027},
{"learn":[0.07480726037],"iteration":214,"passed_time":0.4341004467,"remaining_time":1.181157029},
{"learn":[0.07432600203],"iteration":215,"passed_time":0.4353439593,"remaining_time":1.177041075},
{"learn":[0.0739258484],"iteration":216,"passed_time":0.4365458022,"remaining_time":1.172839644},
{"learn":[0.07366267918],"iteration":217,"passed_time":0.4378220221,"remaining_time":1.168864297},
{"learn":[0.0733269152],"iteration":218,"passed_time":0.439193617,"remaining_time":1.165166628},
{"learn":[0.07303809031],"iteration":219,"passed_time":0.4404501907,"remaining_time":1.161186866},
{"learn":[0.0727102306],"iteration":220,"passed_time":0.4416294455,"remaining_time":1.157029181},
{"learn":[0.07232233216],"iteration":221,"passed_time":0.4428433354,"remaining_time":1.152988504},
{"learn":[0.07199777478],"iteration":222,"passed_time":0.4440321541,"remaining_time":1.148908309},
{"learn":[0.07162593031],"iteration":223,"passed_time":0.4452243944,"remaining_time":1.144862729},
{"learn":[0.07128638194],"iteration":224,"passed_time":0.4464943571,"remaining_time":1.141041135},
{"learn":[0.07093943113],"iteration":225,"passed_time":0.4477184557,"remaining_time":1.137125635},
{"learn":[0.07061958915],"iteration":226,"passed_time":0.4489046239,"remaining_time":1.133138104},
{"learn":[0.0702229785],"iteration":227,"passed_time":0.4501671379,"remaining_time":1.129366679},
{"learn":[0.06986994218],"iteration":228,"passed_time":0.4513759791,"remaining_time":1.125483337},
{"learn":[0.06956315678],"iteration":229,"passed_time":0.4527409366,"remaining_time":1.122010147},
{"learn":[0.06924104558],"iteration":230,"passed_time":0.454059457,"remaining_time":1.118440827},
{"learn":[0.06894727798],"iteration":231,"passed_time":0.4553170572,"remaining_time":1.114741761},
{"learn":[0.06873928028],"iteration":232,"passed_time":0.4565206298,"remaining_time":1.110932176},
{"learn":[0.06849614219],"iteration":233,"passed_time":0.4576952876,"remaining_time":1.107074926},
{"learn":[0.06825821955],"iteration":234,"passed_time":0.4589109528,"remaining_time":1.103339099},
{"learn":[0.06800357729],"iteration":235,"passed_time":0.4602165894,"remaining_time":1.099839646},
{"learn":[0.06760555351],"iteration":236,"passed_time":0.4614142456,"remaining_time":1.096102195},
{"learn":[0.06735715414],"iteration":237,"passed_time":0.4626527742,"remaining_time":1.092482601},
{"learn":[0.06714609626],"iteration":238,"passed_time":0.4638943897,"remaining_time":1.088890178},
{"learn":[0.06673925025],"iteration":239,"passed_time":0.4651170832,"remaining_time":1.085273194},
{"learn":[0.0664225088],"iteration":240,"passed_time":0.4663507103,"remaining_time":1.08170144},
{"learn":[0.06607738738],"iteration":241,"passed_time":0.4675706392,"remaining_time":1.078117424},
{"learn":[0.06578325069],"iteration":242,"passed_time":0.4688135673,"remaining_time":1.074605584},
{"learn":[0.06557682755],"iteration":243,"passed_time":0.4701619332,"remaining_time":1.071352602},
{"learn":[0.06515943707],"iteration":244,"passed_time":0.471436125,"remaining_time":1.06794714},
{"learn":[0.06491871027],"iteration":245,"passed_time":0.4726772307,"remaining_time":1.064484495},
{"learn":[0.06467298709],"iteration":246,"passed_time":0.4739046276,"remaining_time":1.061009146},
{"learn":[0.06443146291],"iteration":247,"passed_time":0.4751334334,"remaining_time":1.057555061},
{"learn":[0.06413762264],"iteration":248,"passed_time":0.4763013073,"remaining_time":1.053984017},
{"learn":[0.06389694307],"iteration":249,"passed_time":0.4776623014,"remaining_time":1.050857063},
{"learn":[0.06356759352],"iteration":250,"passed_time":0.4789081205,"remaining_time":1.047492264},
{"learn":[0.06325776033],"iteration":251,"passed_time":0.4801479801,"remaining_time":1.044131322},
{"learn":[0.06294932455],"iteration":252,"passed_time":0.4814021679,"remaining_time":1.040818126},
{"learn":[0.06274687111],"iteration":253,"passed_time":0.4826481486,"remaining_time":1.037503501},
{"learn":[0.06253719927],"iteration":254,"passed_time":0.4839114916,"remaining_time":1.034242208},
{"learn":[0.06227956717],"iteration":255,"passed_time":0.4853891822,"remaining_time":1.031452012},
{"learn":[0.06205651557],"iteration":256,"passed_time":0.4867983512,"remaining_time":1.028527256},
{"learn":[0.0618696666],"iteration":257,"passed_time":0.4881029583,"remaining_time":1.025394587},
{"learn":[0.061514347],"iteration":258,"passed_time":0.4894254394,"remaining_time":1.02231337},
{"learn":[0.06121436424],"iteration":259,"passed_time":0.4907409593,"remaining_time":1.019231223},
{"learn":[0.06093622195],"iteration":260,"passed_time":0.4920860756,"remaining_time":1.016223735},
{"learn":[0.06063693039],"iteration":261,"passed_time":0.4932943823,"remaining_time":1.012948006},
{"learn":[0.06044309419],"iteration":262,"passed_time":0.4945089123,"remaining_time":1.009700707},
{"learn":[0.06021801709],"iteration":263,"passed_time":0.4957110189,"remaining_time":1.006443584},
{"learn":[0.05988120763],"iteration":264,"passed_time":0.4969582369,"remaining_time":1.003293044},
{"learn":[0.05969787126],"iteration":265,"passed_time":0.4982172583,"remaining_time":1.000180511},
{"learn":[0.05944077298],"iteration":266,"passed_time":0.4996239129,"remaining_time":0.9973765753},
{"learn":[0.05921557477],"iteration":267,"passed_time":0.5009492397,"remaining_time":0.994421625},
{"learn":[0.05897168833],"iteration":268,"passed_time":0.5021919248,"remaining_time":0.9913156582},
{"learn":[0.05874256156],"iteration":269,"passed_time":0.5034563598,"remaining_time":0.9882661877},
{"learn":[0.0584893325],"iteration":270,"passed_time":0.5046720018,"remaining_time":0.9851346456},
{"learn":[0.05821258743],"iteration":271,"passed_time":0.5058640301,"remaining_time":0.9819713525},
{"learn":[0.05791974152],"iteration":272,"passed_time":0.50716331,"remaining_time":0.9790295398},
{"learn":[0.05766211705],"iteration":273,"passed_time":0.5083445921,"remaining_time":0.9758731951},
{"learn":[0.05735505714],"iteration":274,"passed_time":0.5095326065,"remaining_time":0.972744067},
{"learn":[0.05711141729],"iteration":275,"passed_time":0.5107575526,"remaining_time":0.9696991216},
{"learn":[0.05692551289],"iteration":276,"passed_time":0.5119839608,"remaining_time":0.9666700777},
{"learn":[0.05667536932],"iteration":277,"passed_time":0.5132330158,"remaining_time":0.963696526},
{"learn":[0.05639171618],"iteration":278,"passed_time":0.5145340717,"remaining_time":0.9608324421},
{"learn":[0.05618834514],"iteration":279,"passed_time":0.5159597921,"remaining_time":0.9582110425},
{"learn":[0.05594363396],"iteration":280,"passed_time":0.5172934034,"remaining_time":0.9554280298},
{"learn":[0.05570717546],"iteration":281,"passed_time":0.5185828634,"remaining_time":0.9525741959},
{"learn":[0.05548050116],"iteration":282,"passed_time":0.5197509278,"remaining_time":0.9495096455},
{"learn":[0.05519793957],"iteration":283,"passed_time":0.5209718924,"remaining_time":0.946554565},
{"learn":[0.05501247025],"iteration":284,"passed_time":0.5222354452,"remaining_time":0.9436886114},
{"learn":[0.05473992039],"iteration":285,"passed_time":0.5235170759,"remaining_time":0.9408663532},
{"learn":[0.05453172569],"iteration":286,"passed_time":0.5247271023,"remaining_time":0.9379268415},
{"learn":[0.05434529749],"iteration":287,"passed_time":0.5259792373,"remaining_time":0.9350741996},
{"learn":[0.05409211326],"iteration":288,"passed_time":0.5272598574,"remaining_time":0.9322830005},
{"learn":[0.05388066889],"iteration":289,"passed_time":0.5285609157,"remaining_time":0.929538162},
{"learn":[0.05371644405],"iteration":290,"passed_time":0.5299651708,"remaining_time":0.9269837524},
{"learn":[0.05355557112],"iteration":291,"passed_time":0.5312633194,"remaining_time":0.9242526242},
{"learn":[0.05340081021],"iteration":292,"passed_time":0.5325156896,"remaining_time":0.9214520636},
{"learn":[0.05320193388],"iteration":293,"passed_time":0.5337427109,"remaining_time":0.9186184072},
{"learn":[0.05300326703],"iteration":294,"passed_time":0.5350347627,"remaining_time":0.9159069667},
{"learn":[0.05284128226],"iteration":295,"passed_time":0.5362749185,"remaining_time":0.913116753},
{"learn":[0.05263077617],"iteration":296,"passed_time":0.5375166057,"remaining_time":0.9103395713},
{"learn":[0.05244281905],"iteration":297,"passed_time":0.5388609084,"remaining_time":0.9077455571},
{"learn":[0.05221279652],"iteration":298,"passed_time":0.5400426571,"remaining_time":0.9048875291},
{"learn":[0.05209286104],"iteration":299,"passed_time":0.5412331777,"remaining_time":0.9020552962},
{"learn":[0.05197118453],"iteration":300,"passed_time":0.542454514,"remaining_time":0.8992850581},
{"learn":[0.05179665052],"iteration":301,"passed_time":0.5436674724,"remaining_time":0.8965112624},
{"learn":[0.05162954263],"iteration":302,"passed_time":0.5449566,"remaining_time":0.8938727069},
{"learn":[0.05151673025],"iteration":303,"passed_time":0.5462012477,"remaining_time":0.8911704568},
{"learn":[0.05133082128],"iteration":304,"passed_time":0.5475113278,"remaining_time":0.8885839582},
{"learn":[0.05122046225],"iteration":305,"passed_time":0.5487037879,"remaining_time":0.8858159191},
{"learn":[0.05106224234],"iteration":306,"passed_time":0.5500682195,"remaining_time":0.8833343069},
{"learn":[0.05086454228],"iteration":307,"passed_time":0.5512885556,"remaining_time":0.8806297706},
{"learn":[0.05062666422],"iteration":308,"passed_time":0.5525252071,"remaining_time":0.877960766},
{"learn":[0.0504478586],"iteration":309,"passed_time":0.5537532263,"remaining_time":0.8752873577},
{"learn":[0.05025324294],"iteration":310,"passed_time":0.5549868102,"remaining_time":0.8726319942},
{"learn":[0.05004416377],"iteration":311,"passed_time":0.5562593655,"remaining_time":0.8700466999},
{"learn":[0.0499024781],"iteration":312,"passed_time":0.5574976512,"remaining_time":0.8674164732},
{"learn":[0.04966465736],"iteration":313,"passed_time":0.5587416696,"remaining_time":0.8648039855},
{"learn":[0.04951742825],"iteration":314,"passed_time":0.5599617019,"remaining_time":0.8621632553},
{"learn":[0.04933482579],"iteration":315,"passed_time":0.5612190013,"remaining_time":0.8595885969},
{"learn":[0.04912128351],"iteration":316,"passed_time":0.5626163908,"remaining_time":0.8572356995},
{"learn":[0.04895058607],"iteration":317,"passed_time":0.563877728,"remaining_time":0.8546825941},
{"learn":[0.04874338291],"iteration":318,"passed_time":0.5651498191,"remaining_time":0.8521538025},
{"learn":[0.04851662421],"iteration":319,"passed_time":0.5664203625,"remaining_time":0.8496305437},
{"learn":[0.04837375384],"iteration":320,"passed_time":0.5676420041,"remaining_time":0.8470421183},
{"learn":[0.04820930401],"iteration":321,"passed_time":0.5689073059,"remaining_time":0.8445269945},
{"learn":[0.0480288639],"iteration":322,"passed_time":0.5701289815,"remaining_time":0.8419551832},
{"learn":[0.04783482201],"iteration":323,"passed_time":0.571390082,"remaining_time":0.8394496266},
{"learn":[0.04773060721],"iteration":324,"passed_time":0.5725973284,"remaining_time":0.8368730184},
{"learn":[0.04753606466],"iteration":325,"passed_time":0.5738493723,"remaining_time":0.8343699463},
{"learn":[0.04739506429],"iteration":326,"passed_time":0.5750563719,"remaining_time":0.8318093698},
{"learn":[0.04721384515],"iteration":327,"passed_time":0.5763842273,"remaining_time":0.8294309612},
{"learn":[0.04705494487],"iteration":328,"passed_time":0.5777654347,"remaining_time":0.8271353184},
{"learn":[0.04689771891],"iteration":329,"passed_time":0.5790602303,"remaining_time":0.8247221462},
{"learn":[0.04675910093],"iteration":330,"passed_time":0.5803332044,"remaining_time":0.8222848123},
{"learn":[0.04661150859],"iteration":331,"passed_time":0.5815876567,"remaining_time":0.8198283835},
{"learn":[0.04647924819],"iteration":332,"passed_time":0.582828707,"remaining_time":0.8173603788},
{"learn":[0.04631232432],"iteration":333,"passed_time":0.5840483768,"remaining_time":0.8148698909},
{"learn":[0.04617581169],"iteration":334,"passed_time":0.5852317457,"remaining_time":0.8123366022},
{"learn":[0.04597980912],"iteration":335,"passed_time":0.5864547669,"remaining_time":0.8098661067},
{"learn":[0.04583156079],"iteration":336,"passed_time":0.5876963185,"remaining_time":0.8074284731},
{"learn":[0.04568535772],"iteration":337,"passed_time":0.5889131404,"remaining_time":0.8049641149},
{"learn":[0.04548667456],"iteration":338,"passed_time":0.590173765,"remaining_time":0.8025666834},
{"learn":[0.04531554345],"iteration":339,"passed_time":0.5915030201,"remaining_time":0.8002687918},
{"learn":[0.04519725709],"iteration":340,"passed_time":0.5929433825,"remaining_time":0.7981261366},
{"learn":[0.0450598152],"iteration":341,"passed_time":0.5942343586,"remaining_time":0.7957875329},
{"learn":[0.04487324752],"iteration":342,"passed_time":0.5954570475,"remaining_time":0.7933640546},
{"learn":[0.04469683691],"iteration":343,"passed_time":0.5966799354,"remaining_time":0.7909478213},
{"learn":[0.04457002272],"iteration":344,"passed_time":0.5979232228,"remaining_time":0.7885654098},
{"learn":[0.04441826313],"iteration":345,"passed_time":0.599158676,"remaining_time":0.7861793031},
{"learn":[0.04425940207],"iteration":346,"passed_time":0.6003598001,"remaining_time":0.7837550128},
{"learn":[0.04409312057],"iteration":347,"passed_time":0.6016235241,"remaining_time":0.78141906},
{"learn":[0.04396767666],"iteration":348,"passed_time":0.6028310743,"remaining_time":0.7790166605},
{"learn":[0.04377164564],"iteration":349,"passed_time":0.6040413405,"remaining_time":0.7766245807},
{"learn":[0.04365760809],"iteration":350,"passed_time":0.605205408,"remaining_time":0.7741801373},
{"learn":[0.04347806084],"iteration":351,"passed_time":0.6065704172,"remaining_time":0.7719987128},
{"learn":[0.04337936138],"iteration":352,"passed_time":0.6079284126,"remaining_time":0.7698130324},
{"learn":[0.04322924335],"iteration":353,"passed_time":0.6092370537,"remaining_time":0.7675698473},
{"learn":[0.04311457787],"iteration":354,"passed_time":0.6104874474,"remaining_time":0.7652589129},
{"learn":[0.04295900161],"iteration":355,"passed_time":0.6117218711,"remaining_time":0.762934019},
{"learn":[0.04280400125],"iteration":356,"passed_time":0.612993019,"remaining_time":0.7606608051},
{"learn":[0.04263889256],"iteration":357,"passed_time":0.6143292291,"remaining_time":0.7584735175},
{"learn":[0.04248758901],"iteration":358,"passed_time":0.6155844294,"remaining_time":0.7561914579},
{"learn":[0.04234635023],"iteration":359,"passed_time":0.6169049811,"remaining_time":0.7539949769},
{"learn":[0.04218899118],"iteration":360,"passed_time":0.6181432028,"remaining_time":0.75170323},
{"learn":[0.04205959043],"iteration":361,"passed_time":0.6193584114,"remaining_time":0.7493894591},
{"learn":[0.04192658139],"iteration":362,"passed_time":0.6205995365,"remaining_time":0.7471129406},
{"learn":[0.04179980992],"iteration":363,"passed_time":0.6219476688,"remaining_time":0.7449702845},
{"learn":[0.04167308484],"iteration":364,"passed_time":0.6232944939,"remaining_time":0.7428304243},
{"learn":[0.04155622936],"iteration":365,"passed_time":0.6246292828,"remaining_time":0.7406806249},
{"learn":[0.04139457343],"iteration":366,"passed_time":0.6258353308,"remaining_time":0.7383833739},
{"learn":[0.04124311009],"iteration":367,"passed_time":0.6270351393,"remaining_time":0.7360847288},
{"learn":[0.04112370821],"iteration":368,"passed_time":0.6282640052,"remaining_time":0.733825979},
{"learn":[0.04098509772],"iteration":369,"passed_time":0.6295236559,"remaining_time":0.7316085731},
{"learn":[0.04089185279],"iteration":370,"passed_time":0.6307519203,"remaining_time":0.7293600372},
{"learn":[0.04073656239],"iteration":371,"passed_time":0.6320192502,"remaining_time":0.7271619331},
{"learn":[0.0406146232],"iteration":372,"passed_time":0.6332580549,"remaining_time":0.7249361647},
{"learn":[0.04048285093],"iteration":373,"passed_time":0.6344578912,"remaining_time":0.7226712878},
{"learn":[0.0403783521],"iteration":374,"passed_time":0.6356834889,"remaining_time":0.7204412874},
{"learn":[0.04019451782],"iteration":375,"passed_time":0.6368727472,"remaining_time":0.7181756511},
{"learn":[0.04009751252],"iteration":376,"passed_time":0.6382072468,"remaining_time":0.7160786881},
{"learn":[0.03996470875],"iteration":377,"passed_time":0.6396701149,"remaining_time":0.7141290701},
{"learn":[0.03980028638],"iteration":378,"passed_time":0.640939709,"remaining_time":0.7119673285},
{"learn":[0.03970217159],"iteration":379,"passed_time":0.642179045,"remaining_time":0.7097768392},
{"learn":[0.03959913915],"iteration":380,"passed_time":0.6433916054,"remaining_time":0.7075618968},
{"learn":[0.03946754182],"iteration":381,"passed_time":0.6445694181,"remaining_time":0.70531418},
{"learn":[0.03934228628],"iteration":382,"passed_time":0.6458179494,"remaining_time":0.7031490467},
{"learn":[0.03922601813],"iteration":383,"passed_time":0.6470743396,"remaining_time":0.7009972013},
{"learn":[0.03913491415],"iteration":384,"passed_time":0.6482628113,"remaining_time":0.6987767966},
{"learn":[0.0390499125],"iteration":385,"passed_time":0.6494788636,"remaining_time":0.69659132},
{"learn":[0.03890698087],"iteration":386,"passed_time":0.6507452542,"remaining_time":0.6944645737},
{"learn":[0.03873547669],"iteration":387,"passed_time":0.6521032821,"remaining_time":0.6924395676},
{"learn":[0.03861056159],"iteration":388,"passed_time":0.6535452305,"remaining_time":0.6905066574},
{"learn":[0.03851692443],"iteration":389,"passed_time":0.6550349026,"remaining_time":0.688626436},
{"learn":[0.03839888355],"iteration":390,"passed_time":0.6563211977,"remaining_time":0.6865354728},
{"learn":[0.03827871798],"iteration":391,"passed_time":0.6575209947,"remaining_time":0.6843585863},
{"learn":[0.03817751277],"iteration":392,"passed_time":0.6587247878,"remaining_time":0.6821908108},
{"learn":[0.03809516806],"iteration":393,"passed_time":0.6599164883,"remaining_time":0.6800154676},
{"learn":[0.0378918167],"iteration":394,"passed_time":0.6611245783,"remaining_time":0.6778619094},
{"learn":[0.03776485752],"iteration":395,"passed_time":0.6623825186,"remaining_time":0.6757639836},
{"learn":[0.03761549859],"iteration":396,"passed_time":0.6636451468,"remaining_time":0.6736750482},
{"learn":[0.03753027784],"iteration":397,"passed_time":0.66489566,"remaining_time":0.6715780284},
{"learn":[0.03739973138],"iteration":398,"passed_time":0.6662745423,"remaining_time":0.6696142643},
{"learn":[0.03727661024],"iteration":399,"passed_time":0.6675252036,"remaining_time":0.6675252036},
{"learn":[0.03714953611],"iteration":400,"passed_time":0.6688269011,"remaining_time":0.6654911061},
{"learn":[0.03705896012],"iteration":401,"passed_time":0.670110105,"remaining_time":0.6634423428},
{"learn":[0.03694423945],"iteration":402,"passed_time":0.6714420059,"remaining_time":0.6614453507},
{"learn":[0.03683264139],"iteration":403,"passed_time":0.672733703,"remaining_time":0.6594122435},
{"learn":[0.03671966584],"iteration":404,"passed_time":0.6740024503,"remaining_time":0.6573604145},
{"learn":[0.03660327801],"iteration":405,"passed_time":0.6752111789,"remaining_time":0.6552541982},
{"learn":[0.0365028004],"iteration":406,"passed_time":0.676453345,"remaining_time":0.6531846796},
{"learn":[0.03639255988],"iteration":407,"passed_time":0.6776834818,"remaining_time":0.651107659},
{"learn":[0.03629777175],"iteration":408,"passed_time":0.6789003646,"remaining_time":0.649022109},
{"learn":[0.03621753779],"iteration":409,"passed_time":0.6800911421,"remaining_time":0.6469159644},
{"learn":[0.0361158636],"iteration":410,"passed_time":0.6813689382,"remaining_time":0.644896635},
{"learn":[0.03600948349],"iteration":411,"passed_time":0.6825814586,"remaining_time":0.6428194319},
{"learn":[0.03588455805],"iteration":412,"passed_time":0.6839198442,"remaining_time":0.6408643576},
{"learn":[0.03576175982],"iteration":413,"passed_time":0.6853024154,"remaining_time":0.6389534597},
{"learn":[0.03567537707],"iteration":414,"passed_time":0.6866365376,"remaining_time":0.6370001614},
{"learn":[0.03553920115],"iteration":415,"passed_time":0.6879194558,"remaining_time":0.6350025746},
{"learn":[0.03542096999],"iteration":416,"passed_time":0.6891814732,"remaining_time":0.6329892188},
{"learn":[0.0353161189],"iteration":417,"passed_time":0.6904235807,"remaining_time":0.6309612627},
{"learn":[0.03522516244],"iteration":418,"passed_time":0.6916546591,"remaining_time":0.6289270289},
{"learn":[0.03509822235],"iteration":419,"passed_time":0.692916651,"remaining_time":0.626924589},
{"learn":[0.03497992903],"iteration":420,"passed_time":0.6941812811,"remaining_time":0.6249280417},
{"learn":[0.03489258168],"iteration":421,"passed_time":0.6955970809,"remaining_time":0.6230703711},
{"learn":[0.03479384425],"iteration":422,"passed_time":0.6968251672,"remaining_time":0.6210474894},
{"learn":[0.0346499071],"iteration":423,"passed_time":0.6980357103,"remaining_time":0.6190127997},
{"learn":[0.03456974865],"iteration":424,"passed_time":0.69927792,"remaining_time":0.6170099294},
{"learn":[0.03445164911],"iteration":425,"passed_time":0.7006208045,"remaining_time":0.6150990162},
{"learn":[0.03433888226],"iteration":426,"passed_time":0.7019480429,"remaining_time":0.6131770961},
{"learn":[0.03426961192],"iteration":427,"passed_time":0.7031202261,"remaining_time":0.6111231872},
{"learn":[0.03414402173],"iteration":428,"passed_time":0.7043486124,"remaining_time":0.6091219935},
{"learn":[0.03406758519],"iteration":429,"passed_time":0.7056097792,"remaining_time":0.6071526007},
{"learn":[0.03397615943],"iteration":430,"passed_time":0.7068742319,"remaining_time":0.6051893076},
{"learn":[0.03386952979],"iteration":431,"passed_time":0.7080950831,"remaining_time":0.6031921079},
{"learn":[0.03379106401],"iteration":432,"passed_time":0.70930345,"remaining_time":0.6011879126},
{"learn":[0.03369015404],"iteration":433,"passed_time":0.7105746936,"remaining_time":0.5992404098},
{"learn":[0.03356594456],"iteration":434,"passed_time":0.7118001841,"remaining_time":0.5972576258},
{"learn":[0.03345224999],"iteration":435,"passed_time":0.7129896768,"remaining_time":0.5952482623},
{"learn":[0.03336493311],"iteration":436,"passed_time":0.714196388,"remaining_time":0.5932569539},
{"learn":[0.03325352888],"iteration":437,"passed_time":0.7154395297,"remaining_time":0.5912993373},
{"learn":[0.03317386232],"iteration":438,"passed_time":0.7167809058,"remaining_time":0.5894257563},
{"learn":[0.03306702101],"iteration":439,"passed_time":0.7180714747,"remaining_time":0.5875130248},
{"learn":[0.03295225231],"iteration":440,"passed_time":0.7193248474,"remaining_time":0.5855728349},
{"learn":[0.03283041462],"iteration":441,"passed_time":0.720606679,"remaining_time":0.5836588034},
{"learn":[0.03274376051],"iteration":442,"passed_time":0.7218192171,"remaining_time":0.5816917844},
{"learn":[0.03264097383],"iteration":443,"passed_time":0.7230459885,"remaining_time":0.5797395764},
{"learn":[0.03255501284],"iteration":444,"passed_time":0.724279038,"remaining_time":0.5777956371},
{"learn":[0.03247184198],"iteration":445,"passed_time":0.7255623495,"remaining_time":0.5758947796},
{"learn":[0.03240880512],"iteration":446,"passed_time":0.7267745915,"remaining_time":0.573940561},
{"learn":[0.03232381191],"iteration":447,"passed_time":0.7279989677,"remaining_time":0.5719991889},
{"learn":[0.03222179114],"iteration":448,"passed_time":0.7292272799,"remaining_time":0.5700640874},
{"learn":[0.03213419951],"iteration":449,"passed_time":0.7306054042,"remaining_time":0.5682486477},
{"learn":[0.03206921983],"iteration":450,"passed_time":0.73193037,"remaining_time":0.5663940114},
{"learn":[0.03197501116],"iteration":451,"passed_time":0.7332330107,"remaining_time":0.5645245303},
{"learn":[0.03189837209],"iteration":452,"passed_time":0.7345040067,"remaining_time":0.562633312},
{"learn":[0.03182898677],"iteration":453,"passed_time":0.7357306131,"remaining_time":0.5607109959},
{"learn":[0.03175821473],"iteration":454,"passed_time":0.736967486,"remaining_time":0.5587995223},
{"learn":[0.03167349556],"iteration":455,"passed_time":0.7381550222,"remaining_time":0.5568537887},
{"learn":[0.03158238819],"iteration":456,"passed_time":0.7394094136,"remaining_time":0.5549615511},
{"learn":[0.03147526511],"iteration":457,"passed_time":0.7406842863,"remaining_time":0.5530873928},
{"learn":[0.03135990391],"iteration":458,"passed_time":0.7419106475,"remaining_time":0.5511798056},
{"learn":[0.03125217409],"iteration":459,"passed_time":0.7431239367,"remaining_time":0.5492655184},
{"learn":[0.03116683856],"iteration":460,"passed_time":0.7443644841,"remaining_time":0.547374317},
{"learn":[0.0310983983],"iteration":461,"passed_time":0.7455871677,"remaining_time":0.5454728629},
{"learn":[0.03104184611],"iteration":462,"passed_time":0.7468081531,"remaining_time":0.5435731049},
{"learn":[0.0309411704],"iteration":463,"passed_time":0.7481436842,"remaining_time":0.5417592196},
{"learn":[0.03083725295],"iteration":464,"passed_time":0.7494623357,"remaining_time":0.5399352311},
{"learn":[0.03079072836],"iteration":465,"passed_time":0.7507253741,"remaining_time":0.5380735514},
{"learn":[0.0306905271],"iteration":466,"passed_time":0.7519705879,"remaining_time":0.5362017254},
{"learn":[0.03061529651],"iteration":467,"passed_time":0.7532073991,"remaining_time":0.5343266164},
{"learn":[0.03052526511],"iteration":468,"passed_time":0.7545313076,"remaining_time":0.532515699},
{"learn":[0.03043573226],"iteration":469,"passed_time":0.7558490114,"remaining_time":0.5307024974},
{"learn":[0.03035632021],"iteration":470,"passed_time":0.7571824484,"remaining_time":0.5289023897},
{"learn":[0.03027464636],"iteration":471,"passed_time":0.7584778641,"remaining_time":0.5270778377},
{"learn":[0.03018664781],"iteration":472,"passed_time":0.7597089787,"remaining_time":0.5252110698},
{"learn":[0.03009918215],"iteration":473,"passed_time":0.7610215982,"remaining_time":0.5234030401},
{"learn":[0.03001031328],"iteration":474,"passed_time":0.7622811533,"remaining_time":0.5215607891},
{"learn":[0.02993969396],"iteration":475,"passed_time":0.7637680083,"remaining_time":0.5198757031},
{"learn":[0.02985888488],"iteration":476,"passed_time":0.7650639499,"remaining_time":0.5180621715},
{"learn":[0.02977042172],"iteration":477,"passed_time":0.7663311349,"remaining_time":0.5162314339},
{"learn":[0.02968540622],"iteration":478,"passed_time":0.7676060199,"remaining_time":0.5144082095},
{"learn":[0.0295983563],"iteration":479,"passed_time":0.7689012265,"remaining_time":0.5126008177},
{"learn":[0.02951881593],"iteration":480,"passed_time":0.7701419151,"remaining_time":0.510759399},
{"learn":[0.02944228194],"iteration":481,"passed_time":0.7713493057,"remaining_time":0.5088985046},
{"learn":[0.02935810932],"iteration":482,"passed_time":0.7726442209,"remaining_time":0.5070977599},
{"learn":[0.02928891835],"iteration":483,"passed_time":0.7739991818,"remaining_time":0.5053383088},
{"learn":[0.02921571424],"iteration":484,"passed_time":0.775290107,"remaining_time":0.5035389354},
{"learn":[0.0291217935],"iteration":485,"passed_time":0.7766244944,"remaining_time":0.5017697351},
{"learn":[0.02903858354],"iteration":486,"passed_time":0.7779469972,"remaining_time":0.4999946819},
{"learn":[0.02895395283],"iteration":487,"passed_time":0.7792163853,"remaining_time":0.498187525},
{"learn":[0.0288709942],"iteration":488,"passed_time":0.7805107877,"remaining_time":0.4963984764},
{"learn":[0.02880587926],"iteration":489,"passed_time":0.781757873,"remaining_time":0.4945815115},
{"learn":[0.02874314977],"iteration":490,"passed_time":0.7830801151,"remaining_time":0.4928141661},
{"learn":[0.0286615246],"iteration":491,"passed_time":0.7843133628,"remaining_time":0.4909929181},
{"learn":[0.02860232499],"iteration":492,"passed_time":0.7855276182,"remaining_time":0.4891622288},
{"learn":[0.02851671527],"iteration":493,"passed_time":0.786773378,"remaining_time":0.4873535499},
{"learn":[0.02844619373],"iteration":494,"passed_time":0.7880380559,"remaining_time":0.4855588021},
{"learn":[0.02836813181],"iteration":495,"passed_time":0.7892941215,"remaining_time":0.4837609131},
{"learn":[0.02831113474],"iteration":496,"passed_time":0.7905449169,"remaining_time":0.4819619916},
{"learn":[0.02822915975],"iteration":497,"passed_time":0.7918580839,"remaining_time":0.4802030951},
{"learn":[0.02814836916],"iteration":498,"passed_time":0.7931289481,"remaining_time":0.4784204677},
{"learn":[0.02808465609],"iteration":499,"passed_time":0.7944087377,"remaining_time":0.4766452426},
{"learn":[0.02801036517],"iteration":500,"passed_time":0.7956100816,"remaining_time":0.4748251784},
{"learn":[0.02794029311],"iteration":501,"passed_time":0.7968578834,"remaining_time":0.4730351579},
{"learn":[0.02787634987],"iteration":502,"passed_time":0.7981485664,"remaining_time":0.4712726128},
{"learn":[0.02781588995],"iteration":503,"passed_time":0.7993975157,"remaining_time":0.4694874299},
{"learn":[0.02773388032],"iteration":504,"passed_time":0.8006471189,"remaining_time":0.4677047526},
{"learn":[0.02768076883],"iteration":505,"passed_time":0.8018957381,"remaining_time":0.4659236107},
{"learn":[0.02759369401],"iteration":506,"passed_time":0.8031423161,"remaining_time":0.4641433898},
{"learn":[0.0275297811],"iteration":507,"passed_time":0.8044321547,"remaining_time":0.4623901362},
{"learn":[0.02744868292],"iteration":508,"passed_time":0.8056981528,"remaining_time":0.4606250736},
{"learn":[0.02734433172],"iteration":509,"passed_time":0.8070095971,"remaining_time":0.4588878101},
{"learn":[0.02729804296],"iteration":510,"passed_time":0.8083386477,"remaining_time":0.4571621706},
{"learn":[0.02724548952],"iteration":511,"passed_time":0.8099316579,"remaining_time":0.4555865576},
{"learn":[0.02717252918],"iteration":512,"passed_time":0.8113087774,"remaining_time":0.4538900957},
{"learn":[0.02711020107],"iteration":513,"passed_time":0.8125674263,"remaining_time":0.4521289571},
{"learn":[0.02702422058],"iteration":514,"passed_time":0.813804044,"remaining_time":0.4503575777},
{"learn":[0.02694917721],"iteration":515,"passed_time":0.8150137419,"remaining_time":0.4485734548},
{"learn":[0.02686074418],"iteration":516,"passed_time":0.8162292867,"remaining_time":0.4467947546},
{"learn":[0.02682397832],"iteration":517,"passed_time":0.8174090381,"remaining_time":0.4449987428},
{"learn":[0.02675517111],"iteration":518,"passed_time":0.8188303753,"remaining_time":0.4433359064},
{"learn":[0.02668975408],"iteration":519,"passed_time":0.8201965373,"remaining_time":0.4416442893},
{"learn":[0.02663469886],"iteration":520,"passed_time":0.8214901978,"remaining_time":0.4399150963},
{"learn":[0.02656799322],"iteration":521,"passed_time":0.8228927186,"remaining_time":0.4382455474},
{"learn":[0.0265182811],"iteration":522,"passed_time":0.8243962053,"remaining_time":0.436630495},
{"learn":[0.02644368369],"iteration":523,"passed_time":0.8257450339,"remaining_time":0.4349344072},
{"learn":[0.02638755687],"iteration":524,"passed_time":0.8270475042,"remaining_time":0.4332153593},
{"learn":[0.02631917362],"iteration":525,"passed_time":0.8282808498,"remaining_time":0.4314618875},
{"learn":[0.0262592357],"iteration":526,"passed_time":0.8295198835,"remaining_time":0.4297133362},
{"learn":[0.02621539929],"iteration":527,"passed_time":0.8307286112,"remaining_time":0.4279511028},
{"learn":[0.02614837623],"iteration":528,"passed_time":0.8319355769,"remaining_time":0.4261900593},
{"learn":[0.02607227166],"iteration":529,"passed_time":0.833188736,"remaining_time":0.4244546391},
{"learn":[0.02601720224],"iteration":530,"passed_time":0.8343737151,"remaining_time":0.422686496},
{"learn":[0.02592194846],"iteration":531,"passed_time":0.8356005968,"remaining_time":0.420941654},
{"learn":[0.02585034417],"iteration":532,"passed_time":0.8368607117,"remaining_time":0.4192154034},
{"learn":[0.02580805],"iteration":533,"passed_time":0.8382285934,"remaining_time":0.4175445803},
{"learn":[0.02575211721],"iteration":534,"passed_time":0.8394698735,"remaining_time":0.4158121803},
{"learn":[0.02566745709],"iteration":535,"passed_time":0.8407782586,"remaining_time":0.4141146647},
{"learn":[0.02560326891],"iteration":536,"passed_time":0.8421490198,"remaining_time":0.4124491475},
{"learn":[0.02553426347],"iteration":537,"passed_time":0.8433558112,"remaining_time":0.4107048746},
{"learn":[0.02547287251],"iteration":538,"passed_time":0.844589362,"remaining_time":0.4089755537},
{"learn":[0.02540787407],"iteration":539,"passed_time":0.8458532594,"remaining_time":0.4072626805},
{"learn":[0.02535919882],"iteration":540,"passed_time":0.8471395904,"remaining_time":0.4055622069},
{"learn":[0.02531140881],"iteration":541,"passed_time":0.8484388033,"remaining_time":0.4038693934},
{"learn":[0.02525516567],"iteration":542,"passed_time":0.8497304603,"remaining_time":0.4021744536},
{"learn":[0.0252004815],"iteration":543,"passed_time":0.8509805663,"remaining_time":0.400461443},
{"learn":[0.0251278869],"iteration":544,"passed_time":0.8523014904,"remaining_time":0.3987832662},
{"learn":[0.02507291156],"iteration":545,"passed_time":0.8539275468,"remaining_time":0.3972483459},
{"learn":[0.02499690936],"iteration":546,"passed_time":0.8552479697,"remaining_time":0.39557173},
{"learn":[0.02492678343],"iteration":547,"passed_time":0.8565816928,"remaining_time":0.3939025303},
{"learn":[0.02487054145],"iteration":548,"passed_time":0.8578435968,"remaining_time":0.3922017173},
{"learn":[0.02479886828],"iteration":549,"passed_time":0.8590833801,"remaining_time":0.3904924455},
{"learn":[0.02475582871],"iteration":550,"passed_time":0.86027637,"remaining_time":0.3887637316},
{"learn":[0.02469765356],"iteration":551,"passed_time":0.8615358657,"remaining_time":0.3870668382},
{"learn":[0.02461414778],"iteration":552,"passed_time":0.8628181107,"remaining_time":0.3853816878},
{"learn":[0.02453744177],"iteration":553,"passed_time":0.864051764,"remaining_time":0.383676415},
{"learn":[0.02448028224],"iteration":554,"passed_time":0.8652515841,"remaining_time":0.3819579065},
{"learn":[0.02442636854],"iteration":555,"passed_time":0.866480315,"remaining_time":0.3802539512},
{"learn":[0.02437184029],"iteration":556,"passed_time":0.8677285024,"remaining_time":0.3785601904},
{"learn":[0.02433218297],"iteration":557,"passed_time":0.8691962936,"remaining_time":0.3769632671},
{"learn":[0.02427741232],"iteration":558,"passed_time":0.8704935986,"remaining_time":0.3752933046},
{"learn":[0.02423420329],"iteration":559,"passed_time":0.8718585827,"remaining_time":0.3736536783},
{"learn":[0.0241910532],"iteration":560,"passed_time":0.8731447251,"remaining_time":0.3719814426},
{"learn":[0.02413337361],"iteration":561,"passed_time":0.8744292411,"remaining_time":0.3703098922},
{"learn":[0.02405686959],"iteration":562,"passed_time":0.8757353401,"remaining_time":0.3686488021},
{"learn":[0.02398949996],"iteration":563,"passed_time":0.8770511823,"remaining_time":0.3669930479},
{"learn":[0.02392561281],"iteration":564,"passed_time":0.8782796348,"remaining_time":0.365302149},
{"learn":[0.02388583914],"iteration":565,"passed_time":0.8795351721,"remaining_time":0.3636240818},
{"learn":[0.02383006533],"iteration":566,"passed_time":0.8807605015,"remaining_time":0.3619350914},
{"learn":[0.02378073397],"iteration":567,"passed_time":0.8820084583,"remaining_time":0.3602569759},
{"learn":[0.02370970354],"iteration":568,"passed_time":0.8832364374,"remaining_time":0.3585722619},
{"learn":[0.02365497852],"iteration":569,"passed_time":0.8848608809,"remaining_time":0.3570491274},
{"learn":[0.02358894354],"iteration":570,"passed_time":0.8863198638,"remaining_time":0.3554592799},
{"learn":[0.0235482248],"iteration":571,"passed_time":0.887651322,"remaining_time":0.3538190584},
{"learn":[0.02347000654],"iteration":572,"passed_time":0.8889369586,"remaining_time":0.352161762},
{"learn":[0.02340225935],"iteration":573,"passed_time":0.8901951849,"remaining_time":0.3504949683},
{"learn":[0.02335527451],"iteration":574,"passed_time":0.8914584177,"remaining_time":0.3488315547},
{"learn":[0.02328347002],"iteration":575,"passed_time":0.8927011869,"remaining_time":0.3471615727},
{"learn":[0.02322101941],"iteration":576,"passed_time":0.8939589027,"remaining_time":0.345498848},
{"learn":[0.02318847713],"iteration":577,"passed_time":0.8952204613,"remaining_time":0.3438390007},
{"learn":[0.02314269456],"iteration":578,"passed_time":0.89648087,"remaining_time":0.3421800903},
{"learn":[0.02308817973],"iteration":579,"passed_time":0.8978288812,"remaining_time":0.3405557825},
{"learn":[0.0230355165],"iteration":580,"passed_time":0.8991249932,"remaining_time":0.3389128632},
{"learn":[0.02298515618],"iteration":581,"passed_time":0.9005400177,"remaining_time":0.3373156767},
{"learn":[0.02292277338],"iteration":582,"passed_time":0.9021189179,"remaining_time":0.3357801118},
{"learn":[0.02286761058],"iteration":583,"passed_time":0.9034644089,"remaining_time":0.334158069},
{"learn":[0.02279792525],"iteration":584,"passed_time":0.904812936,"remaining_time":0.3325380876},
{"learn":[0.02275329187],"iteration":585,"passed_time":0.9061026482,"remaining_time":0.3308975541},
{"learn":[0.02270847271],"iteration":586,"passed_time":0.9073845592,"remaining_time":0.3292553852},
{"learn":[0.02264723699],"iteration":587,"passed_time":0.9086796275,"remaining_time":0.3276191854},
{"learn":[0.02260985474],"iteration":588,"passed_time":0.9100323412,"remaining_time":0.3260047946},
{"learn":[0.02257456235],"iteration":589,"passed_time":0.9113054749,"remaining_time":0.3243629656},
{"learn":[0.0225271114],"iteration":590,"passed_time":0.9126433099,"remaining_time":0.3227452652},
{"learn":[0.02247174536],"iteration":591,"passed_time":0.9299114078,"remaining_time":0.3267256298},
{"learn":[0.02241608067],"iteration":592,"passed_time":0.933966498,"remaining_time":0.3260220322},
{"learn":[0.0223787907],"iteration":593,"passed_time":0.9375629338,"remaining_time":0.3251480881},
{"learn":[0.02232250011],"iteration":594,"passed_time":0.9402286009,"remaining_time":0.3239443079},
{"learn":[0.02227706218],"iteration":595,"passed_time":0.9427489966,"remaining_time":0.3226858982},
{"learn":[0.02222558334],"iteration":596,"passed_time":0.9450790171,"remaining_time":0.3213585267},
{"learn":[0.02218753011],"iteration":597,"passed_time":0.9471082728,"remaining_time":0.3199262059},
{"learn":[0.02214754879],"iteration":598,"passed_time":0.9491656358,"remaining_time":0.3185013235},
{"learn":[0.02210017231],"iteration":599,"passed_time":0.9512716106,"remaining_time":0.3170905369},
{"learn":[0.0220334453],"iteration":600,"passed_time":0.9529924154,"remaining_time":0.3155499013},
{"learn":[0.02198831436],"iteration":601,"passed_time":0.9546527295,"remaining_time":0.3139887715},
{"learn":[0.02194303463],"iteration":602,"passed_time":0.9563233285,"remaining_time":0.3124306728},
{"learn":[0.02190892473],"iteration":603,"passed_time":0.9579818921,"remaining_time":0.3108682961},
{"learn":[0.02187306542],"iteration":604,"passed_time":0.9594164153,"remaining_time":0.3092333901},
{"learn":[0.02183071536],"iteration":605,"passed_time":0.9608764023,"remaining_time":0.3076072971},
{"learn":[0.02178464612],"iteration":606,"passed_time":0.9623061104,"remaining_time":0.3059721241},
{"learn":[0.02173936595],"iteration":607,"passed_time":0.9638693206,"remaining_time":0.3043797854},
{"learn":[0.02169403737],"iteration":608,"passed_time":0.9653101342,"remaining_time":0.3027491554},
{"learn":[0.02164327809],"iteration":609,"passed_time":0.9666464499,"remaining_time":0.3010865992},
{"learn":[0.02158813832],"iteration":610,"passed_time":0.9678968282,"remaining_time":0.2993985279},
{"learn":[0.02153780791],"iteration":611,"passed_time":0.9692015687,"remaining_time":0.2977285865},
{"learn":[0.02149569035],"iteration":612,"passed_time":0.9705143324,"remaining_time":0.2960622841},
{"learn":[0.02145020854],"iteration":613,"passed_time":0.9716962007,"remaining_time":0.294357481},
{"learn":[0.02139813017],"iteration":614,"passed_time":0.9728432548,"remaining_time":0.2926439059},
{"learn":[0.02135169429],"iteration":615,"passed_time":0.9739972524,"remaining_time":0.2909342442},
{"learn":[0.02131297148],"iteration":616,"passed_time":0.9751606228,"remaining_time":0.2892291636},
{"learn":[0.02127393995],"iteration":617,"passed_time":0.9763065587,"remaining_time":0.2875207017},
{"learn":[0.02123521936],"iteration":618,"passed_time":0.9774010558,"remaining_time":0.2857990163},
{"learn":[0.02118884707],"iteration":619,"passed_time":0.97863387,"remaining_time":0.2841195107},
{"learn":[0.0211395375],"iteration":620,"passed_time":0.979842614,"remaining_time":0.2824345055},
{"learn":[0.02108658193],"iteration":621,"passed_time":0.9810857002,"remaining_time":0.2807608595},
{"learn":[0.02104208608],"iteration":622,"passed_time":0.9822097814,"remaining_time":0.2790547854},
{"learn":[0.02100384608],"iteration":623,"passed_time":0.9833138933,"remaining_time":0.2773449443},
{"learn":[0.02096087168],"iteration":624,"passed_time":0.9844147024,"remaining_time":0.2756361167},
{"learn":[0.0209165],"iteration":625,"passed_time":0.9855408888,"remaining_time":0.2739362854},
{"learn":[0.02085263797],"iteration":626,"passed_time":0.9866487432,"remaining_time":0.2722332258},
{"learn":[0.02081295043],"iteration":627,"passed_time":0.9877569385,"remaining_time":0.2705321551},
{"learn":[0.020750465],"iteration":628,"passed_time":0.9888831967,"remaining_time":0.2688378802},
{"learn":[0.02071360153],"iteration":629,"passed_time":0.9899776136,"remaining_time":0.2671368164},
{"learn":[0.02066726632],"iteration":630,"passed_time":0.9912144163,"remaining_time":0.2654758104},
{"learn":[0.02063470515],"iteration":631,"passed_time":0.9923279811,"remaining_time":0.2637833874},
{"learn":[0.02059985173],"iteration":632,"passed_time":0.9935003949,"remaining_time":0.262108319},
{"learn":[0.02055850231],"iteration":633,"passed_time":0.9946850447,"remaining_time":0.2604380401},
{"learn":[0.02052571191],"iteration":634,"passed_time":0.9960137807,"remaining_time":0.2588067304},
{"learn":[0.02048699082],"iteration":635,"passed_time":0.9971875918,"remaining_time":0.2571364231},
{"learn":[0.02045031407],"iteration":636,"passed_time":0.9983248684,"remaining_time":0.2554583258},
{"learn":[0.02040553122],"iteration":637,"passed_time":0.9994260306,"remaining_time":0.2537727539},
{"learn":[0.02035142413],"iteration":638,"passed_time":1.000579161,"remaining_time":0.2521021047},
{"learn":[0.02032802289],"iteration":639,"passed_time":1.001709116,"remaining_time":0.250427279},
{"learn":[0.02028283526],"iteration":640,"passed_time":1.002825805,"remaining_time":0.2487508626},
{"learn":[0.02023543677],"iteration":641,"passed_time":1.003957781,"remaining_time":0.2470799523},
{"learn":[0.02019363724],"iteration":642,"passed_time":1.005098713,"remaining_time":0.245412905},
{"learn":[0.02013829493],"iteration":643,"passed_time":1.00625384,"remaining_time":0.2437509301},
{"learn":[0.02011443924],"iteration":644,"passed_time":1.007462914,"remaining_time":0.2421034909},
{"learn":[0.02005990625],"iteration":645,"passed_time":1.008787207,"remaining_time":0.2404848759},
{"learn":[0.02002724363],"iteration":646,"passed_time":1.010029804,"remaining_time":0.2388478517},
{"learn":[0.01998579986],"iteration":647,"passed_time":1.011353649,"remaining_time":0.237231103},
{"learn":[0.0199521034],"iteration":648,"passed_time":1.012575567,"remaining_time":0.2355915418},
{"learn":[0.01991158965],"iteration":649,"passed_time":1.013815111,"remaining_time":0.2339573332},
{"learn":[0.01988896158],"iteration":650,"passed_time":1.015066181,"remaining_time":0.2323269753},
{"learn":[0.01985434462],"iteration":651,"passed_time":1.016303049,"remaining_time":0.2306945571},
{"learn":[0.01982751673],"iteration":652,"passed_time":1.017484198,"remaining_time":0.2290508071},
{"learn":[0.01979230404],"iteration":653,"passed_time":1.018740839,"remaining_time":0.227425325},
{"learn":[0.01975583633],"iteration":654,"passed_time":1.019965909,"remaining_time":0.2257939798},
{"learn":[0.01970231337],"iteration":655,"passed_time":1.021212568,"remaining_time":0.2241686124},
{"learn":[0.01965551204],"iteration":656,"passed_time":1.02242287,"remaining_time":0.2225364847},
{"learn":[0.01961229099],"iteration":657,"passed_time":1.023695591,"remaining_time":0.2209191093},
{"learn":[0.01956561172],"iteration":658,"passed_time":1.025088803,"remaining_time":0.2193285602},
{"learn":[0.01952563642],"iteration":659,"passed_time":1.026544942,"remaining_time":0.2177519574},
{"learn":[0.0194894947],"iteration":660,"passed_time":1.027747286,"remaining_time":0.216122349},
{"learn":[0.01945821092],"iteration":661,"passed_time":1.029076671,"remaining_time":0.2145205146},
{"learn":[0.01940093083],"iteration":662,"passed_time":1.030419385,"remaining_time":0.2129222561},
{"learn":[0.01934621693],"iteration":663,"passed_time":1.031638609,"remaining_time":0.2112994741},
{"learn":[0.01929961206],"iteration":664,"passed_time":1.032862501,"remaining_time":0.2096788537},
{"learn":[0.01925793822],"iteration":665,"passed_time":1.034190472,"remaining_time":0.2080803653},
{"learn":[0.0192170181],"iteration":666,"passed_time":1.035714656,"remaining_time":0.2065218129},
{"learn":[0.01918246158],"iteration":667,"passed_time":1.037267931,"remaining_time":0.2049691121},
{"learn":[0.01913823354],"iteration":668,"passed_time":1.039123828,"remaining_time":0.2034756673},
{"learn":[0.01910641666],"iteration":669,"passed_time":1.040767548,"remaining_time":0.201939972},
{"learn":[0.01906524822],"iteration":670,"passed_time":1.042234855,"remaining_time":0.2003700392},
{"learn":[0.01902654],"iteration":671,"passed_time":1.043658685,"remaining_time":0.1987921305},
{"learn":[0.01898701648],"iteration":672,"passed_time":1.046089389,"remaining_time":0.197404684},
{"learn":[0.01895283535],"iteration":673,"passed_time":1.04759315,"remaining_time":0.1958408559},
{"learn":[0.01891354024],"iteration":674,"passed_time":1.048981463,"remaining_time":0.1942558264},
{"learn":[0.01887911233],"iteration":675,"passed_time":1.050312901,"remaining_time":0.1926609463},
{"learn":[0.01883280912],"iteration":676,"passed_time":1.05168735,"remaining_time":0.1910746588},
{"learn":[0.018798947],"iteration":677,"passed_time":1.053324002,"remaining_time":0.1895361773},
{"learn":[0.01875660095],"iteration":678,"passed_time":1.055061657,"remaining_time":0.1880154057},
{"learn":[0.01871153607],"iteration":679,"passed_time":1.056648483,"remaining_time":0.1864673793},
{"learn":[0.01868556007],"iteration":680,"passed_time":1.058334982,"remaining_time":0.1849366561},
{"learn":[0.01864894958],"iteration":681,"passed_time":1.059873532,"remaining_time":0.183379878},
{"learn":[0.01862280269],"iteration":682,"passed_time":1.061456584,"remaining_time":0.1818307764},
{"learn":[0.01858158682],"iteration":683,"passed_time":1.062914619,"remaining_time":0.180260374},
{"learn":[0.01855126905],"iteration":684,"passed_time":1.064445898,"remaining_time":0.1787025961},
{"learn":[0.01852209428],"iteration":685,"passed_time":1.066058365,"remaining_time":0.1771583872},
{"learn":[0.01846984989],"iteration":686,"passed_time":1.067585831,"remaining_time":0.1755999984},
{"learn":[0.01843856088],"iteration":687,"passed_time":1.069042694,"remaining_time":0.1740302061},
{"learn":[0.0183978865],"iteration":688,"passed_time":1.070931249,"remaining_time":0.1725302883},
{"learn":[0.01836028895],"iteration":689,"passed_time":1.072822362,"remaining_time":0.1710296519},
{"learn":[0.01833691244],"iteration":690,"passed_time":1.074248677,"remaining_time":0.1694545671},
{"learn":[0.01829923954],"iteration":691,"passed_time":1.075645492,"remaining_time":0.167875308},
{"learn":[0.01826831205],"iteration":692,"passed_time":1.077028854,"remaining_time":0.1662944985},
{"learn":[0.0182301533],"iteration":693,"passed_time":1.078465689,"remaining_time":0.1647224251},
{"learn":[0.01819516567],"iteration":694,"passed_time":1.079880032,"remaining_time":0.163147343},
{"learn":[0.01815698881],"iteration":695,"passed_time":1.081316271,"remaining_time":0.1615759946},
{"learn":[0.01811829687],"iteration":696,"passed_time":1.082658498,"remaining_time":0.1599911411},
{"learn":[0.01809105371],"iteration":697,"passed_time":1.083977252,"remaining_time":0.1584035526},
{"learn":[0.01805590866],"iteration":698,"passed_time":1.085402858,"remaining_time":0.1568321726},
{"learn":[0.01802614564],"iteration":699,"passed_time":1.087025545,"remaining_time":0.1552893636},
{"learn":[0.01799588473],"iteration":700,"passed_time":1.088457581,"remaining_time":0.1537194016},
{"learn":[0.01796294965],"iteration":701,"passed_time":1.08982272,"remaining_time":0.1521404937},
{"learn":[0.01793026804],"iteration":702,"passed_time":1.091178529,"remaining_time":0.1505609065},
{"learn":[0.01790266091],"iteration":703,"passed_time":1.092554465,"remaining_time":0.1489846997},
{"learn":[0.01786710251],"iteration":704,"passed_time":1.093865128,"remaining_time":0.1474002654},
{"learn":[0.01784017294],"iteration":705,"passed_time":1.099926138,"remaining_time":0.1464490892},
{"learn":[0.01781033264],"iteration":706,"passed_time":1.104384458,"remaining_time":0.1452726374},
{"learn":[0.01777704759],"iteration":707,"passed_time":1.106418393,"remaining_time":0.1437718815},
{"learn":[0.01774055532],"iteration":708,"passed_time":1.108537901,"remaining_time":0.1422806051},
{"learn":[0.01771416942],"iteration":709,"passed_time":1.110384645,"remaining_time":0.1407529831},
{"learn":[0.01768133029],"iteration":710,"passed_time":1.112315321,"remaining_time":0.1392349699},
{"learn":[0.01765150863],"iteration":711,"passed_time":1.114573243,"remaining_time":0.1377562435},
{"learn":[0.01760813946],"iteration":712,"passed_time":1.116378238,"remaining_time":0.1362200655},
{"learn":[0.01758141849],"iteration":713,"passed_time":1.120028008,"remaining_time":0.1349053343},
{"learn":[0.01755552757],"iteration":714,"passed_time":1.122869236,"remaining_time":0.1334879511},
{"learn":[0.01752373368],"iteration":715,"passed_time":1.124721698,"remaining_time":0.1319505903},
{"learn":[0.01749151291],"iteration":716,"passed_time":1.126586213,"remaining_time":0.1304137457},
{"learn":[0.01745107352],"iteration":717,"passed_time":1.128762309,"remaining_time":0.1289115729},
{"learn":[0.01741799707],"iteration":718,"passed_time":1.13020125,"remaining_time":0.1273244802},
{"learn":[0.01738557703],"iteration":719,"passed_time":1.131551917,"remaining_time":0.1257279908},
{"learn":[0.01735360393],"iteration":720,"passed_time":1.133193971,"remaining_time":0.1241641106},
{"learn":[0.01732034467],"iteration":721,"passed_time":1.13502524,"remaining_time":0.1226204553},
{"learn":[0.01728552271],"iteration":722,"passed_time":1.136380684,"remaining_time":0.1210253288},
{"learn":[0.01725526913],"iteration":723,"passed_time":1.137705945,"remaining_time":0.1194276959},
{"learn":[0.01722663233],"iteration":724,"passed_time":1.139053603,"remaining_time":0.1178331314},
{"learn":[0.01720214441],"iteration":725,"passed_time":1.140673506,"remaining_time":0.1162669965},
{"learn":[0.01717924454],"iteration":726,"passed_time":1.142160883,"remaining_time":0.1146874064},
{"learn":[0.0171500795],"iteration":727,"passed_time":1.143529271,"remaining_time":0.1130963015},
{"learn":[0.01712662133],"iteration":728,"passed_time":1.145010633,"remaining_time":0.1115168106},
{"learn":[0.01709780131],"iteration":729,"passed_time":1.146466793,"remaining_time":0.109935172},
{"learn":[0.01706828428],"iteration":730,"passed_time":1.147804804,"remaining_time":0.1083427243},
{"learn":[0.01704364716],"iteration":731,"passed_time":1.149475641,"remaining_time":0.1067818902},
{"learn":[0.01701078529],"iteration":732,"passed_time":1.15074268,"remaining_time":0.1051838466},
{"learn":[0.01698492297],"iteration":733,"passed_time":1.152025743,"remaining_time":0.1035881458},
{"learn":[0.01695570026],"iteration":734,"passed_time":1.153312262,"remaining_time":0.1019936014},
{"learn":[0.01693316701],"iteration":735,"passed_time":1.154585029,"remaining_time":0.1003986982},
{"learn":[0.01690328484],"iteration":736,"passed_time":1.155872278,"remaining_time":0.09880590706},
{"learn":[0.01687069169],"iteration":737,"passed_time":1.15712651,"remaining_time":0.09721117025},
{"learn":[0.01684554742],"iteration":738,"passed_time":1.158459445,"remaining_time":0.09562385138},
{"learn":[0.01680981216],"iteration":739,"passed_time":1.159694735,"remaining_time":0.09402930284},
{"learn":[0.01678151894],"iteration":740,"passed_time":1.160894242,"remaining_time":0.09243287487},
{"learn":[0.0167614351],"iteration":741,"passed_time":1.16210105,"remaining_time":0.0908380875},
{"learn":[0.01672248291],"iteration":742,"passed_time":1.163319756,"remaining_time":0.08924525721},
{"learn":[0.01669179758],"iteration":743,"passed_time":1.164955618,"remaining_time":0.08768483149},
{"learn":[0.01666335193],"iteration":744,"passed_time":1.166241371,"remaining_time":0.08609835627},
{"learn":[0.01663022657],"iteration":745,"passed_time":1.167489109,"remaining_time":0.08450993551},
{"learn":[0.01659792087],"iteration":746,"passed_time":1.168753061,"remaining_time":0.08292357731},
{"learn":[0.01657423695],"iteration":747,"passed_time":1.17000098,"remaining_time":0.0813369665},
{"learn":[0.01655574823],"iteration":748,"passed_time":1.171234161,"remaining_time":0.07975025662},
{"learn":[0.01653976263],"iteration":749,"passed_time":1.17248345,"remaining_time":0.0781655633},
{"learn":[0.01650896586],"iteration":750,"passed_time":1.173704944,"remaining_time":0.07657994974},
{"learn":[0.01648840517],"iteration":751,"passed_time":1.174937249,"remaining_time":0.07499599463},
{"learn":[0.01646122352],"iteration":752,"passed_time":1.176174036,"remaining_time":0.07341325327},
{"learn":[0.01643260679],"iteration":753,"passed_time":1.177421222,"remaining_time":0.07183206395},
{"learn":[0.01640358625],"iteration":754,"passed_time":1.178687506,"remaining_time":0.07025289773},
{"learn":[0.01637296185],"iteration":755,"passed_time":1.18019518,"remaining_time":0.06868860839},
{"learn":[0.01633721423],"iteration":756,"passed_time":1.181439894,"remaining_time":0.06710953161},
{"learn":[0.01631675217],"iteration":757,"passed_time":1.18273224,"remaining_time":0.06553397637},
{"learn":[0.01628608905],"iteration":758,"passed_time":1.184012361,"remaining_time":0.06395850701},
{"learn":[0.01625919518],"iteration":759,"passed_time":1.185335304,"remaining_time":0.06238606861},
{"learn":[0.01623057253],"iteration":760,"passed_time":1.186593736,"remaining_time":0.0608109799},
{"learn":[0.01620380219],"iteration":761,"passed_time":1.187887069,"remaining_time":0.05923846274},
{"learn":[0.01617064414],"iteration":762,"passed_time":1.189114917,"remaining_time":0.05766350189},
{"learn":[0.01614558217],"iteration":763,"passed_time":1.19034372,"remaining_time":0.05608949466},
{"learn":[0.01611867361],"iteration":764,"passed_time":1.191580527,"remaining_time":0.05451675616},
{"learn":[0.0160951847],"iteration":765,"passed_time":1.19280887,"remaining_time":0.05294451902},
{"learn":[0.01607302696],"iteration":766,"passed_time":1.194014429,"remaining_time":0.05137219837},
{"learn":[0.01604013942],"iteration":767,"passed_time":1.195446458,"remaining_time":0.04981026909},
{"learn":[0.01601735963],"iteration":768,"passed_time":1.196787925,"remaining_time":0.0482450269},
{"learn":[0.01598951091],"iteration":769,"passed_time":1.198042511,"remaining_time":0.04667698095},
{"learn":[0.01596534338],"iteration":770,"passed_time":1.199252519,"remaining_time":0.0451080714},
{"learn":[0.01592646094],"iteration":771,"passed_time":1.200446569,"remaining_time":0.04353951287},
{"learn":[0.01589274842],"iteration":772,"passed_time":1.201668794,"remaining_time":0.04197290742},
{"learn":[0.0158719969],"iteration":773,"passed_time":1.202876477,"remaining_time":0.04040670335},
{"learn":[0.01584228487],"iteration":774,"passed_time":1.204117326,"remaining_time":0.03884249438},
{"learn":[0.01582415382],"iteration":775,"passed_time":1.205346113,"remaining_time":0.03727874576},
{"learn":[0.01579115732],"iteration":776,"passed_time":1.206628839,"remaining_time":0.03571745598},
{"learn":[0.01576494419],"iteration":777,"passed_time":1.20783896,"remaining_time":0.03415482921},
{"learn":[0.01574087361],"iteration":778,"passed_time":1.209109902,"remaining_time":0.03259474705},
{"learn":[0.01571286817],"iteration":779,"passed_time":1.210591016,"remaining_time":0.03104079529},
{"learn":[0.01568924924],"iteration":780,"passed_time":1.211917326,"remaining_time":0.02948326402},
{"learn":[0.01566094269],"iteration":781,"passed_time":1.213155991,"remaining_time":0.0279243067},
{"learn":[0.01563090134],"iteration":782,"passed_time":1.214428968,"remaining_time":0.02636691247},
{"learn":[0.01559784908],"iteration":783,"passed_time":1.215698201,"remaining_time":0.02481016738},
{"learn":[0.01555653179],"iteration":784,"passed_time":1.216905301,"remaining_time":0.02325296754},
{"learn":[0.0155372307],"iteration":785,"passed_time":1.218148845,"remaining_time":0.02169730767},
{"learn":[0.01551057838],"iteration":786,"passed_time":1.219428091,"remaining_time":0.02014303074},
{"learn":[0.01548564411],"iteration":787,"passed_time":1.220679519,"remaining_time":0.0185890282},
{"learn":[0.01546193763],"iteration":788,"passed_time":1.221984835,"remaining_time":0.01703654396},
{"learn":[0.01543836213],"iteration":789,"passed_time":1.223246275,"remaining_time":0.01548413006},
{"learn":[0.01541050321],"iteration":790,"passed_time":1.224470892,"remaining_time":0.0139320329},
{"learn":[0.01538557036],"iteration":791,"passed_time":1.225808242,"remaining_time":0.01238190144},
{"learn":[0.01535861692],"iteration":792,"passed_time":1.227254622,"remaining_time":0.01083326905},
{"learn":[0.01533573656],"iteration":793,"passed_time":1.228493801,"remaining_time":0.00928332847},
{"learn":[0.01530253151],"iteration":794,"passed_time":1.229847499,"remaining_time":0.007734889933},
{"learn":[0.01527536406],"iteration":795,"passed_time":1.231307008,"remaining_time":0.006187472404},
{"learn":[0.01524844866],"iteration":796,"passed_time":1.23266395,"remaining_time":0.004639889399},
{"learn":[0.01522214878],"iteration":797,"passed_time":1.233916506,"remaining_time":0.003092522572},
{"learn":[0.0151857907],"iteration":798,"passed_time":1.235155143,"remaining_time":0.001545876274},
{"learn":[0.01515596973],"iteration":799,"passed_time":1.236397871,"remaining_time":0}
]}